username,precision@40,recall@40
FDE_Valais,0.0,0.0
GangoGames,0.0,0.0
Muuvit,0.0,0.0
wildtreetech,0.0,0.0
kolabnow,0.0,0.0
dexlab_io,0.0,0.0
ipaster,0.0,0.0
Securitas_CH,0.0,0.0
immostreet_ch,0.0,0.0
threatray,0.0,0.0
encuentra24,0.0,0.0
AnjariumBio,0.0,0.0
GoodX_Network,0.0,0.0
TinamuLabs,0.0,0.0
magarental,0.0,0.0
theground_up,0.0,0.0
tradeyourmind,0.0,0.0
searchch,0.0,0.0
Still_active,0.0,0.0
Archilogic3D,0.0,0.0
palisis,0.0,0.0
HaYaTherapx,0.0,0.0
pi_investing,0.0,0.0
schockguyan,0.0,0.0
konvink,0.025,0.0
ImmoDigest,0.0,0.0
1DropDx,0.0,0.0
montemedia,0.0,0.0
CtrlMovieLtd,0.0,0.0
reinigung_ch,0.0,0.0
customweb_gmbh,0.0,0.0
jackwarddd,0.0,0.0
AudioP_AG,0.0,0.0
datumnetwork,0.0,0.0
Boldomatic,0.025,0.0
smartwall_ai,0.0,0.0
causal_sarl,0.025,0.0
teambookapp,0.025,0.0
k_expert,0.0,0.0
pixmeo,0.0,0.0
data_xl,0.0,0.0
BhFSolutions,0.0,0.0
unibern,0.0,0.0
unil,0.0,0.0
Gennymobility,0.0,0.0
YoupiJob,0.0,0.0
yaler,0.0,0.0
peakhunterapp,0.025,0.0
energiedienst,0.0,0.0
theGICHD,0.0,0.0
wevenzapp,0.0,0.0
kickshops,0.0,0.0
smartcardia,0.0,0.0
MOOST_IoT,0.0,0.0
termin2go,0.0,0.0
noidentityApps,0.0,0.0
CellecBiotekAG,0.0,0.0
vaping_post,0.0,0.0
scaling4good,0.05,0.0
HYLOMORPH,0.0,0.0
luckabox,0.025,0.0
aid_coin,0.0,0.0
Advisay,0.0,0.0
gokcenkaran,0.0,0.0
scottsports,0.0,0.0
sirenltd,0.0,0.0
popup_office,0.0,0.0
hslu,0.0,0.0
Med_Writers,0.0,0.0
mysmartme,0.0,0.0
FEMTOprint,0.0,0.0
abioniv,0.025,0.0
Idezo_CH,0.0,0.0
be_cashCH,0.0,0.0
younergy,0.0,0.0
suisseo,0.0,0.0
factionskis,0.0,0.0
DISCOIO,0.0,0.0
martinopia,0.0,0.0
rinspeed,0.0,0.0
MagmaLearning,0.0,0.0
insightnesscorp,0.0,0.0
zigzagzurich,0.0,0.0
accesspac,0.0,0.0
welante,0.0,0.0
ipexchange1,0.0,0.0
mrcleanonline,0.0,0.0
voltex_io,0.0,0.0
BardiCredit,0.0,0.0
deliverdotmedia,0.0,0.0
SignaTerre,0.0,0.0
BeeUpBusiness,0.0,0.0
reederapp,0.05,0.0
tvpsolar,0.0,0.0
totemi_app,0.0,0.0
carygreene,0.0,0.0
talent4gig,0.0,0.0
twiice_official,0.0,0.0
christopheandco,0.0,0.0
RigiTech,0.0,0.0
classicdriver,0.0,0.0
localch,0.0,0.0
myoswiss,0.0,0.0
Lean_LAA,0.0,0.0
yerrasolutions,0.0,0.0
MedisanteGroup,0.0,0.0
ConcordiumNet,0.0,0.0
DACSYSTEM1,0.0,0.0
HighlandEurope,0.0,0.0
advertima,0.05,0.0
localsearch_ch,0.05,0.0
Coinnect_SA,0.075,0.0
PWRstation,0.05,0.0
digitaliKaTweet,0.3,0.0
newsroomz,0.0,0.0
_taskbase,0.025,0.0
tillotts_pharma,0.0,0.0
auxivo,0.0,0.0
TEAL_AI_AG,0.0,0.0
DomoSafety,0.0,0.0
FairVoyage,0.0,0.0
cvcoin_ico,0.025,0.0
CashSentinel,0.025,0.0
masabacoffee,0.0,0.0
H55aEro,0.025,0.0
lernwolke,0.0,0.0
trepup,0.0,0.0
IRsweep,0.0,0.0
TheAppBrain,0.0,0.0
pikciochainpkc,0.0,0.0
PolyGeneAG,0.0,0.0
MESPAS_Software,0.05,0.0
renatoregli,0.0,0.0
smama_ch,0.0,0.0
ThePangeaEffect,0.0,0.0
produkte24_com,0.0,0.0
Joulia_SA,0.0,0.0
optotunecompany,0.0,0.0
planikwebapp,0.0,0.0
amazeeio,0.05,0.0
ondacosuisse,0.0,0.0
swisens,0.0,0.0
ecommconnect,0.0,0.0
raumconsulting,0.025,0.0
MSDirectAG,0.0,0.0
nviso,0.075,0.0
Wortspiel,0.0,0.0
lumatrone,0.15,0.0
rovenso_ch,0.025,0.0
anecova,0.0,0.0
virtuallylive,0.025,0.0
flyerbeeee,0.125,0.0
solusvm,0.05,0.0
hdclegal,0.0,0.0
papersDev,0.1,0.0
cry_cash,0.075,0.0
qdecaillet,0.0,0.0
kaywa,0.125,0.0
textshuttle,0.0,0.0
jungunter_forum,0.0,0.0
CARBOGEN_AMCIS,0.0,0.0
eldicoag,0.0,0.0
oncetheapp,0.0,0.0
instapdf,0.0,0.0
BuddyNS,0.0,0.0
fronttrail,0.15,0.0
helixstreet1,0.0,0.0
alalog,0.0,0.0
appculture_ag,0.025,0.0
ComergeAG,0.025,0.0
st_association,0.05,0.0
xenialabintl,0.0,0.0
lioninside,0.025,0.0
BellevueAsset,0.025,0.0
iasociety,0.025,0.0
ibticare,0.0,0.0
EverdreamSoft,0.0,0.0
SIT_University,0.075,0.0
orunesu,0.0,0.0
SwissSensoryx,0.0,0.0
mondays_ch,0.0,0.0
hystrixmedical,0.0,0.0
GlarnerKB,0.075,0.0
creditworld_ag,0.125,0.0
CandiSolar,0.025,0.0
prodibi,0.0,0.0
novaccess,0.125,0.0
michaelfrei10,0.0,0.0
pitcherdotcom,0.075,0.0
alltron,0.025,0.0
hoprnet,0.1,0.0
ghostlabapp,0.0,0.0
Golden_Frog,0.075,0.0
getavrios,0.05,0.0
raisenow,0.0,0.0
AdunoGruppe,0.125,0.0
crowdli_ch,0.025,0.0
MibelleGroup,0.0,0.0
sharoo_ch,0.0,0.0
InsolightTech,0.075,0.0
kennwerte,0.0,0.0
anibis_ch,0.0,0.0
ixoworld,0.225,0.0
KemaroGmbH,0.0,0.0
zipch,0.025,0.0
hpguellich,0.125,0.0
ecal_ch,0.0,0.0
scailyte,0.075,0.0
eco_ch_forum,0.0,0.0
BlueLionZurich,0.075,0.0
scrtsa,0.125,0.0
cooala,0.0,0.0
SmixinLtd,0.025,0.0
nivitec,0.0,0.0
polyneuron,0.05,0.0
mjafoundation,0.0,0.0
ncloudswiss,0.125,0.0
Karmagenes,0.05,0.0
Right_Shoes,0.0,0.0
burnoutprotect,0.025,0.0
projektilart,0.0,0.0
aktiiaGlobal,0.0,0.0
FHaptics,0.0,0.0
IndexInvestor_,0.025,0.0
TRB_Intl,0.025,0.0
AmphiroAG,0.0,0.0
timerepublik,0.05,0.0
MBandF,0.075,0.0
EffRx,0.075,0.0
Hguitare,0.025,0.0
START_Global,0.025,0.0
Qboys_app,0.0,0.0
KeyCDN,0.0,0.0
iccube,0.1,0.0
synendos,0.075,0.0
transportfever,0.175,0.0
IMSD_Analytics,0.025,0.0
wearerequired,0.075,0.0
kandoubus,0.075,0.0
ventoo,0.15,0.0
datingfactory,0.0,0.0
xhtml,0.05,0.0
openwt,0.0,0.0
aelertech,0.1,0.0
mt_sarl,0.2,0.0
StabletonAG,0.175,0.0
windsor_ai,0.0,0.0
sourcepole,0.05,0.0
lessoptics,0.05,0.0
Xatena_AG,0.075,0.0
ImburseAG,0.25,0.0
tutti_ch,0.05,0.0
somoskiwi,0.0,0.0
mindfire_global,0.1,0.0
parquery,0.05,0.0
SwissMadeMrkt,0.025,0.0
ISPIN_CH,0.075,0.0
agentselly,0.025,0.0
teamstryber,0.1,0.0
FlonSolutions,0.0,0.0
weeCONOMY_AG,0.175,0.0
swissinnova,0.0,0.0
imina_tech,0.05,0.0
robolem,0.05,0.0
artanim_mocap,0.0,0.0
swisspavilions,0.025,0.0
carpathia_ch,0.125,0.0
SBEarth,0.125,0.0
ITpointAG,0.0,0.0
LaminaTech,0.0,0.0
ThomasBorer,0.0,0.0
sunbioscience,0.05,0.0
eat_ch,0.025,0.0
AmbergGroup,0.025,0.0
BPA_SOLUTIONS,0.175,0.0
WeWentEvents,0.0,0.0
KyosCH,0.125,0.0
coteri_es,0.0,0.0
DBSSystem,0.0,0.0
1702ai,0.025,0.0
expertsolch,0.025,0.0
joeblacksocks,0.0,0.0
we_gaw,0.05,0.0
Filecamp,0.15,0.0
ofri_ch,0.0,0.0
Epteca,0.075,0.0
senstech,0.15,0.0
levuro_com,0.0,0.0
fairpower_ch,0.0,0.0
openployer,0.1,0.0
urovant,0.025,0.0
ohouart,0.2,0.0
kianaofamily,0.0,0.0
jaante_showroom,0.0,0.0
tindecofs,0.2,0.0
app_socialease,0.0,0.0
artionet,0.075,0.0
ATAG_aviation,0.05,0.0
holidaycheck,0.025,0.0
etterstudio,0.0,0.0
vzug,0.025,0.0
jobs_ch,0.025,0.0
LintaoSA,0.075,0.0
quittCH,0.0,0.0
SwissShops_ch,0.075,0.0
CREAL_3D,0.0,0.0
carbondelta,0.025,0.0
Vidinoti,0.15,0.0
blockchainsrc,0.075,0.0
Flybotix_,0.0,0.0
storyshaker,0.2,0.0
planyocom,0.2,0.0
noonee_cc,0.0,0.0
propal_z,0.275,0.0
lamobiliere,0.0,0.0
tripmodeCH,0.1,0.0
Exsila,0.0,0.0
geste,0.025,0.0
chain_security,0.225,0.0
teralytics,0.0,0.0
PrimeurWorld,0.35,0.0
promfr_en,0.025,0.0
genohm,0.05,0.0
coopathome,0.05,0.0
DaysExchange,0.0,0.0
StrayFawnStudio,0.0,0.0
AmstadDigital,0.0,0.0
AnivoInsurance,0.125,0.0
meister_messer,0.0,0.0
Avosoundsfx,0.0,0.0
moonchaincap,0.125,0.0
t1mothyo,0.0,0.0
DigipharmTeam,0.125,0.0
pharmabiome,0.075,0.0
Palexpo,0.0,0.0
olyseum,0.025,0.0
swicket_io,0.05,0.0
profaxverlag,0.05,0.0
creditgate24,0.1,0.0
iterativ,0.05,0.0
ypsomed,0.025,0.0
Embiontech,0.075,0.0
TheSwissDigital,0.125,0.0
sandsiv,0.25,0.0
fixposition,0.0,0.0
TwingTec,0.0,0.0
cmsbox,0.05,0.0
buchersuter,0.025,0.0
dizmos,0.1,0.0
rewardoTeam,0.0,0.0
demodia,0.1,0.0
mailcleaner,0.125,0.0
Plair_Aerosols,0.0,0.0
TryNolt,0.0,0.0
nolaxcom,0.0,0.0
gobeyondinvest,0.175,0.0
Raizers,0.025,0.0
HMoserCie,0.075,0.0
ginettateam,0.2,0.0
digitalmedlab,0.025,0.0
GIANTSSoftware,0.175,0.0
wuestpartner,0.025,0.0
Foodetective_,0.025,0.0
Speaksli,0.0,0.0
hilitebikes,0.0,0.0
axonvibe,0.1,0.0
bitcoin_ch,0.05,0.0
KimotoCH,0.0,0.0
Klewel,0.1,0.0
DoDifferent_,0.05,0.0
Y_PARC,0.025,0.0
evolusyssa,0.175,0.0
amanoxsolutions,0.125,0.0
retoch,0.0,0.0
nnaisense,0.1,0.0
eyefitu,0.075,0.0
enigma_swiss,0.025,0.0
taurusgroup_ch,0.35,0.0
Nagibioscience,0.0,0.0
SmartLettuce,0.025,0.0
biolytix,0.025,0.0
ibani_change,0.0,0.0
ticketpark,0.075,0.0
PredictiveLayer,0.15,0.0
DavNetwork,0.075,0.0
beaconsmind,0.125,0.0
xtendx,0.05,0.0
56kCloud,0.175,0.0
CoopleUK,0.025,0.0
True_Wealth_,0.125,0.0
rorvswild,0.0,0.0
medu_soil,0.0,0.0
ecollect,0.225,0.0
TheScreener,0.1,0.0
DigitalCluesAG,0.0,0.0
aximetriagmbh,0.275,0.0
keskival,0.0,0.0
AuthenticPapers,0.0,0.0
HEG_FR,0.0,0.0
parx,0.0,0.0
metoki_digital,0.125,0.0
Tech_Forum_Zug,0.1,0.0
imito_ag,0.125,0.0
zeix,0.225,0.0
arviemAG,0.075,0.0
iartag,0.0,0.0
sketchin,0.0,0.0
AkselosCAE,0.15,0.0
Sono_Coin,0.275,0.0
AXA_Switzerland,0.0,0.0
MERA_SwS,0.175,0.0
CytalkTelephony,0.025,0.0
shnit,0.0,0.0
Fotokite_,0.05,0.0
myesmart,0.025,0.0
eaternity,0.0,0.0
swiss_as,0.075,0.0
KissLabs,0.0,0.0
QACube,0.225,0.0
nomoko_world,0.0,0.0
CoatX,0.025,0.0
AAndrewAlliance,0.025,0.0
AnalytixPeople,0.0,0.0
netstream,0.125,0.0
DARTtweeting,0.05,0.0
iazzudotcom,0.2,0.0
Sio_db,0.1,0.0
ch_politik,0.0,0.0
89grad,0.2,0.0
nccrrobotics,0.0,0.0
SDSCdatascience,0.025,0.0
kasko2go,0.025,0.0
advaisor_io,0.075,0.0
antistatique,0.15,0.0
PartnerVine,0.0,0.0
attolight,0.05,0.0
webots,0.3,0.0
batashoes,0.025,0.0
SwissCryptoX,0.275,0.0
blockstate_com,0.35,0.0
SwissQualiQuest,0.05,0.0
meyerburger,0.025,0.0
coyut,0.0,0.0
DataphoneAG,0.125,0.0
heigvd,0.0,0.0
ImagineCargo,0.025,0.0
TheSmarterPlace,0.0,0.0
goavantama,0.0,0.0
e_locations,0.0,0.0
EndeavourVision,0.15,0.0
GamayaNews,0.075,0.0
_TransCure,0.175,0.0
CyanoGuard,0.0,0.0
appswithlove,0.0,0.0
Crowd4Cash,0.15,0.0
KITRO_FoodWaste,0.0,0.0
turicode,0.225,0.0
atpointag,0.175,0.0
dschungelkompas,0.0,0.0
skybow,0.175,0.0
securaxis,0.0,0.0
Scout24_CH,0.025,0.0
brixel_hq,0.05,0.0
baloise_jobs,0.075,0.0
PrepayWay,0.175,0.0
deindeal,0.0,0.0
divio,0.4,0.0
divio,0.35,0.0
colenditoken,0.175,0.0
CITSensMeMo,0.05,0.0
VRAllArt,0.1,0.0
ThinkYellowNow,0.075,0.0
SwissWorldCargo,0.0,0.0
sftinno,0.275,0.0
GeckoResearch,0.05,0.0
contourascensia,0.0,0.0
medacta,0.025,0.0
ethereum,0.3,0.0
_inivation,0.075,0.0
OfficeLabSpace,0.0,0.0
rusadasoftware,0.05,0.0
ThymioII,0.025,0.0
faveeo,0.1,0.0
crowdhouse_ch,0.175,0.0
tpg_com,0.125,0.0
AgileWindPower,0.075,0.0
alogoanalysis,0.1,0.0
anybotics,0.0,0.0
komedhealth,0.075,0.0
bvventures,0.225,0.0
BarixAG,0.0,0.0
CaplenaCH,0.075,0.0
mibexsoftware,0.075,0.0
jomasoft,0.25,0.0
accelopmentag,0.0,0.0
geopraevent,0.075,0.0
secutix,0.125,0.0
scala_lang,0.15,0.0
Ammann_Group,0.0,0.0
falconpb,0.225,0.0
wincansoftware,0.2,0.0
GoldbachGroup,0.1,0.0
DL_Group,0.05,0.0
MTIP_CH,0.075,0.0
PowerCodersHQ,0.125,0.0
SageSwitzerland,0.125,0.0
validitylabs,0.1,0.0
ec_zurich,0.05,0.0
hyghag,0.025,0.0
diemobiliar,0.025,0.0
SafeSwissCloud,0.25,0.0
rethinkcircular,0.0,0.0
Enzyvant,0.125,0.0
DECENTplatform,0.3,0.0
TeamupCalendar,0.225,0.0
tradeplus24,0.2,0.0
iNovitasAG,0.25,0.0
onedotdata,0.05,0.0
teserakt_io,0.175,0.0
cloudscale_ch,0.15,0.0
SIMoreDualsim,0.175,0.0
MyTechnis,0.0,0.0
Imverse3D,0.025,0.0
swissloop,0.025,0.0
stadtzug,0.0,0.0
Media_Focus_CH,0.0,0.0
boataffair,0.05,0.0
zt_info,0.025,0.0
urbimobility,0.025,0.0
heychimpy,0.0,0.0
Ellisys1,0.0,0.0
venbona_English,0.25,0.0
INEOS,0.0,0.0
NTHMobile,0.125,0.0
bvckup,0.225,0.0
LinumLabs,0.425,0.0
TRIdentimplants,0.05,0.0
Payment21_XBT,0.175,0.0
bluecodepayment,0.075,0.0
instimatch,0.275,0.0
mammut,0.075,0.0
UEFAcom,0.05,0.0
smoolis,0.075,0.0
BatmaidCom,0.05,0.0
COFCOINTL,0.0,0.0
SecureSafe,0.325,0.0
dreipol,0.125,0.0
enersissuisse,0.075,0.0
Skope_MRI,0.025,0.0
involi_ch,0.025,0.0
Polytech_VC,0.025,0.0
zkipster,0.15,0.0
liquiditynet,0.225,0.0
trendrating,0.25,0.0
OrchestraCityEU,0.0,0.0
ValoraGroup,0.025,0.0
ScanTrust,0.05,0.0
algo__trader,0.3,0.0
orvium,0.0,0.0
Volagratis,0.025,0.0
triple_quote,0.05,0.0
thestealthkey,0.05,0.0
msg_global,0.075,0.0
sofiesgroup,0.025,0.0
myWatchAdvisor,0.05,0.0
ubique_ch,0.025,0.0
consulteerag,0.0,0.0
emeraldVC,0.025,0.0
oneclick_cloud,0.275,0.0
themetahash,0.375,0.0
Bandara_VR,0.025,0.0
ricardo_ch,0.05,0.0
EnergyVaultInc,0.025,0.0
lunaphore,0.075,0.0
sunlightpump,0.05,0.0
impacthubbern,0.025,0.0
BiboxEurope,0.1,0.0
gumpelmaier,0.025,0.0
bitforge,0.2,0.0
annanow,0.125,0.0
swisspeers,0.3,0.0
Online_top_up,0.1,0.0
olympe_io,0.125,0.0
galderma,0.125,0.0
bexiocom,0.15,0.0
LargoUpdates,0.075,0.0
GenLots,0.25,0.0
sonectme,0.15,0.0
flatfoxapp,0.025,0.0
kubleag,0.075,0.0
investiere,0.125,0.0
pEp4Privacy,0.2,0.0
marcpbernegger,0.0,0.0
contovista,0.05,0.0
leuchterits,0.0,0.0
leuchterits,0.125,0.0
42talents,0.175,0.0
mtpelerin,0.35,0.0
Team_FROX,0.2,0.0
panterch,0.175,0.0
BCPlatforms,0.125,0.0
Stromasys_HQ,0.075,0.0
Blancpain1735,0.1,0.0
FrederiqueConst,0.0,0.0
kubusmedia,0.025,0.0
PureValueMetric,0.0,0.0
qiibee,0.175,0.0
sublimd_com,0.025,0.0
sentifi,0.0,0.0
decentlab,0.125,0.0
david_a_butler,0.075,0.0
esrischweiz,0.0,0.0
pricehubble,0.05,0.0
biGENiUS_DWA,0.0,0.0
modum_io,0.05,0.0
enloya,0.2,0.0
UNBBCom,0.05,0.0
btovPartners,0.025,0.0
gew_switzerland,0.075,0.0
Robohub,0.05,0.0
loanboox,0.225,0.0
compasssecurity,0.225,0.0
ShareCharge,0.125,0.0
Creapole,0.0,0.0
SB_Ski_Boutique,0.05,0.0
heclausanne,0.0,0.0
guuru_news,0.225,0.0
cytosurge,0.05,0.0
ThinkSportCH,0.05,0.0
puzzleitc,0.2,0.0
enterprisebot,0.05,0.0
tech_fund,0.1,0.0
Bloomioplatform,0.2,0.0
PropagandaGEM,0.0,0.0
VatorexCH,0.0,0.0
AVECTRIS_IT,0.25,0.0
barberlycom,0.175,0.0
Privilege_Inv,0.275,0.0
allthings_here,0.025,0.0
partnersgroup,0.15,0.0
sintratec,0.025,0.0
_futurae,0.275,0.0
bluesigntech,0.05,0.0
ErgonAG,0.05,0.0
greenmatch,0.05,0.0
smartwatcher,0.0,0.0
CartilageRepair,0.0,0.0
Amaris,0.225,0.0
psich_de,0.0,0.0
secude,0.3,0.0
netcommsuisse,0.15,0.0
typewise_app,0.175,0.0
KarlaInterior,0.025,0.0
bisongruppe,0.2,0.0
supsi_ch,0.0,0.0
canoo,0.1,0.0
SIAtweets,0.0,0.0
BSI_Software,0.325,0.0
bitvoodoo,0.275,0.0
bluebotics,0.05,0.0
AmbrosusAMB,0.075,0.0
The_RS_Group,0.05,0.0
camptocamp,0.225,0.0
DIAdata_org,0.425,0.0
GreubelForsey,0.0,0.0
HYTWatches,0.05,0.0
beqom,0.1,0.0
xovis_ag,0.225,0.0
testingtime,0.0,0.0
CherryCheckout,0.0,0.0
coorpacademy,0.0,0.0
SwissPropTech,0.075,0.0
MarkemImaje,0.05,0.0
spamhaus,0.0,0.0
GetBring,0.075,0.0
WorldVisionCH,0.0,0.0
zuehlke_group,0.025,0.0
hirslanden,0.0,0.0
42matters,0.15,0.0
DaphneTech,0.0,0.0
wemakeit,0.0,0.0
creoptix,0.1,0.0
inacta,0.2,0.0
hubersuhner,0.1,0.0
algrano,0.0,0.0
PubliBike,0.0,0.0
DisoAG,0.25,0.0
Navori,0.225,0.0
lunajets,0.05,0.0
FAIRTIQ,0.05,0.0
webbedstar,0.15,0.0
swisslife_ch,0.0,0.0
jaegerlecoultre,0.125,0.0
realprivatedeal,0.125,0.0
cscsch,0.0,0.0
redalpine,0.1,0.0
Chiquita,0.0,0.0
TieTalent,0.25,0.0
nummo_com,0.15,0.0
janzzjobs,0.1,0.0
strocast,0.0,0.0
LonzaGroup,0.025,0.0
eMonitorCH,0.15,0.0
Ledgy,0.15,0.0
westhive,0.1,0.0
EF,0.1,0.0
investglass,0.25,0.0
securosys,0.225,0.0
biognosys,0.075,0.0
joe4security,0.275,0.0
storzmedical,0.05,0.0
JibrelNetwork,0.4,0.0
TeylorAG,0.125,0.0
smallpdf,0.175,0.0
cryptop0tential,0.125,0.0
Leonteq_News,0.075,0.0
greenTEGAG,0.0,0.0
communelausanne,0.0,0.0
ApiaxCOM,0.3,0.0
newhomech,0.025,0.0
Idiap_ch,0.05,0.0
GivenGain,0.0,0.0
unit8co,0.25,0.0
ringier_ag,0.0,0.0
mmiTeam,0.05,0.0
SGE,0.05,0.0
RomandeEnergie,0.0,0.0
fly_ability,0.075,0.0
MSCCargo,0.0,0.0
SWITCH_ch,0.05,0.0
georgfischer,0.075,0.0
georgfischer,0.075,0.0
smarterchains,0.125,0.0
codecheck_info,0.0,0.0
Clinerion,0.125,0.0
DVB_Project,0.0,0.0
reichle_massari,0.175,0.0
reichle_massari,0.15,0.0
BILANZ,0.0,0.0
baculasystems,0.125,0.0
equippo,0.0,0.0
fhhwz,0.0,0.0
PrimeComputerCH,0.025,0.0
ATLASexperiment,0.025,0.0
appics_official,0.2,0.0
wire,0.1,0.0
xeitgmbh,0.1,0.0
nobelbiocare,0.1,0.0
MassChallengeCH,0.1,0.0
Weblaw,0.025,0.0
lucysecurity,0.325,0.0
GoldavenueCom,0.0,0.0
Empa_CH,0.0,0.0
schwabfound,0.0,0.0
ProjectDOLPHIN,0.0,0.0
FookesSoftware,0.275,0.0
ITrockt,0.175,0.0
dermavant,0.125,0.0
INFICON,0.1,0.0
ProDataGroupIT,0.025,0.0
reospartners,0.075,0.0
Medela_US,0.0,0.0
trekksoft,0.2,0.0
TCS_Schweiz,0.0,0.0
Swiss_Security,0.025,0.0
bkw,0.0,0.0
web3foundation,0.175,0.0
ewz_energie,0.0,0.0
magnolia_cms,0.175,0.0
heiq_materials,0.05,0.0
dfinity,0.275,0.0
mentorcruise,0.0,0.0
archromagroup,0.025,0.0
eden_springs,0.0,0.0
nezasatravel,0.1,0.0
neon_accountapp,0.0,0.0
straumann,0.075,0.0
EgonZehnder,0.025,0.0
cotecna,0.0,0.0
Offertenportal,0.05,0.0
aiomacom,0.125,0.0
duboisetfils,0.025,0.0
staubligroup,0.175,0.0
meteoblue,0.025,0.0
sixsq,0.2,0.0
epfl_exts,0.025,0.0
HSGStGallen,0.025,0.0
prohelvetia,0.0,0.0
Climeworks,0.025,0.0
SecurionPay,0.025,0.0
optherium,0.375,0.0
Trivadis,0.175,0.0
MontresBreguet,0.075,0.0
moneyland_ch,0.15,0.0
gmelius,0.175,0.0
grstiftung_ch,0.025,0.0
liip,0.125,0.0
LORIOTio,0.275,0.0
doodletweet,0.15,0.0
B3Cnewswire,0.0,0.0
blsAG,0.0,0.0
ExecuJetAvGrp,0.0,0.0
gofluent,0.05,0.0
FeriGruppe,0.025,0.0
bfh_hesb,0.025,0.0
zkb_ch,0.025,0.0
intgovforum,0.0,0.0
cashare,0.15,0.0
actelion_com,0.075,0.0
responsAbility_,0.05,0.0
dgt_switzerland,0.0,0.0
echonovum,0.2,0.0
IDQuantique,0.125,0.0
iA,0.0,0.0
SchindlerNA,0.025,0.0
TwisperOfficial,0.0,0.0
yamobaby,0.075,0.0
ASMALLWORLD,0.025,0.0
securesdwan,0.075,0.0
Tresorit,0.4,0.0
on_running,0.0,0.0
WABCO,0.075,0.0
zhdk,0.05,0.0
myclimate,0.0,0.0
auterion,0.35,0.0
MachinaTrader,0.275,0.0
swisslife_group,0.0,0.0
schweizeraktien,0.1,0.0
claude_stabile,0.225,0.0
uspag,0.05,0.0
solarimpulse,0.075,0.0
thecryptovalley,0.25,0.0
jacando_cloud,0.1,0.0
BlindflugStudio,0.0,0.0
haelixa,0.125,0.0
swissq,0.275,0.0
windingtree,0.1,0.0
Monetha_io,0.325,0.0
kitaclub_ch,0.0,0.0
sensirion,0.0,0.0
sherpany,0.3,0.0
INESCRM,0.05,0.0
hackzurich,0.0,0.0
mimacom,0.375,0.0
CavotecGroup,0.0,0.0
Faircustomer,0.0,0.0
SELFRAG_AG,0.0,0.0
swissedu,0.025,0.0
netguardians,0.175,0.0
decentriq,0.175,0.0
Tangem,0.325,0.0
archilyse,0.1,0.0
BitNautic,0.0,0.0
binaryedgeio,0.025,0.0
amazeelabs,0.025,0.0
megaperl,0.0,0.0
fintoolinfo,0.1,0.0
agflow,0.075,0.0
hes_so,0.0,0.0
BNC_CH_DE,0.125,0.0
thearkvalais,0.05,0.0
StartupInvestCH,0.15,0.0
SafeSwiss,0.325,0.0
ict4peace,0.025,0.0
typo3,0.05,0.0
ICTinvestorclub,0.2,0.0
infrontsports,0.075,0.0
infrontsports,0.075,0.0
landisgyr,0.075,0.0
morphean_ch,0.025,0.0
ConsulcesiTech,0.2,0.0
GI_Index,0.075,0.0
Plesk,0.15,0.0
TEPenergy,0.025,0.0
nymproject,0.4,0.0
bcvs_wkb,0.0,0.0
glassnode,0.275,0.0
lombardodier,0.175,0.0
vrmandat,0.025,0.0
UMSSkeldar,0.05,0.0
MomentaVentures,0.025,0.0
Sportradar,0.125,0.0
eidoo_io,0.325,0.0
sixgroup,0.3,0.0
sixgroup,0.275,0.0
Gallus_Group,0.0,0.0
isostandards,0.075,0.0
kickstart_inno,0.025,0.0
Fongit1,0.1,0.0
LettersTheGame,0.0,0.0
contentserv,0.2,0.0
Sika,0.1,0.0
Frontify,0.225,0.0
CEMEX,0.0,0.0
GAMinsights,0.225,0.0
ti8m_ag,0.2,0.0
ethstatus,0.15,0.0
impacthubzurich,0.0,0.0
Avaloq,0.225,0.0
MomentaPartners,0.175,0.0
CardanoStiftung,0.15,0.0
swarovski,0.025,0.0
swarovski,0.025,0.0
LiskHQ,0.375,0.0
helvetia,0.0,0.0
SchrannerAG,0.025,0.0
Ethicalgmbh,0.025,0.0
kizytracking,0.025,0.0
GlionNews,0.075,0.0
vshn_ch,0.2,0.0
zrh_airport,0.0,0.0
dbiservices,0.3,0.0
citavi,0.15,0.0
ulysse_nardin,0.0,0.0
openupresources,0.0,0.0
ThriveThemes,0.2,0.0
MysteriumNet,0.2,0.0
sensefly,0.0,0.0
unifr,0.025,0.0
Hublot,0.1,0.0
dkshgroup,0.025,0.0
Horyou,0.0,0.0
runmyaccounts,0.075,0.0
vitra,0.0,0.0
sanktgallen,0.0,0.0
coop_ch,0.025,0.0
CryptoFinanceAG,0.425,0.0
sixtyandme,0.0,0.0
FN_Press,0.0,0.0
bitcoinschweiz,0.2,0.0
suedostschweiz,0.025,0.0
LEGOfoundation,0.025,0.0
MySwitzerland_e,0.0,0.0
globaltechbox,0.025,0.0
swissborg,0.325,0.0
SymbioticsNews,0.025,0.0
pix4d,0.225,0.0
ublox,0.0,0.0
ublox,0.0,0.0
wilmaa,0.0,0.0
LafargeHolcim,0.025,0.0
Zurich,0.025,0.0
dacadoo,0.1,0.0
Teleport_Media,0.0,0.0
TAGHeuer,0.025,0.0
ClimateKIC,0.025,0.0
beyond_animal,0.075,0.0
paper_li,0.025,0.0
phonak,0.0,0.0
phonak,0.0,0.0
sygnumofficial,0.25,0.0
BauernZeitung1,0.0,0.0
iocmedia,0.05,0.0
indy_guide_com,0.0,0.0
GSX_Solutions,0.175,0.0
NexthinkNews,0.275,0.0
hofrat,0.0,0.0
MoonX555,0.325,0.0
ABBgroupnews,0.125,0.0
ABBgroupnews,0.125,0.0
MSF_USA,0.05,0.0
GreaterZurich,0.0,0.0
Bawler__,0.025,0.0
digitec_de,0.025,0.0
punkt,0.05,0.0
CrowtherLab,0.0,0.0
ITU,0.0,0.0
Innovaud,0.075,0.0
ilo,0.05,0.0
southpoleglobal,0.05,0.0
ProtonVPN,0.05,0.0
EventerpriseAG,0.075,0.0
methodsandtools,0.3,0.0
profitfxsignal,0.175,0.0
HofSwitzerland,0.025,0.0
thorchain_org,0.05,0.0
SGS_SA,0.0,0.0
ArtBasel,0.075,0.0
UBS,0.1,0.0
acteamo,0.3,0.0
CloudSigma,0.025,0.0
RailService,0.0,0.0
Roche,0.075,0.0
punkt4info,0.05,0.0
Kenes_Group,0.025,0.0
venturelab_ch,0.25,0.0
IECStandards,0.05,0.0
FrontiersIn,0.0,0.0
Temenos,0.25,0.0
IMD_Bschool,0.075,0.0
SwissDevJobs,0.25,0.0
startuptickerCH,0.025,0.0
worldheartfed,0.075,0.0
Ageficom,0.0,0.0
santimentfeed,0.125,0.0
IFPMA,0.075,0.0
lastminute_com,0.15,0.0
migros,0.025,0.0
ProtonMail,0.2,0.0
textually,0.0,0.0
BIS_org,0.05,0.0
Syngenta,0.0,0.0
awp_de,0.0,0.0
knime,0.275,0.0
gavi,0.0,0.0
ODEM_IO,0.0,0.0
webfoundation,0.125,0.0
cryptonewszcom,0.125,0.0
architonic,0.05,0.0
UPU_UN,0.0,0.0
eFinancialModel,0.075,0.0
FIFAcom,0.075,0.0
Blickch,0.025,0.0
ITCnews,0.025,0.0
ai_jobsNET,0.1,0.0
infosec_jobsCOM,0.025,0.0
SwissCognitive,0.025,0.0
wef,0.075,0.0
artpricedotcom,0.025,0.0
